label,Rs_area_nls_Ohm_cm2,Rct_area_nls_Ohm_cm2,Cdl_nls_F_cm2,sigma_Ohm_cm2_s05,k0_cm_s,Aw_Ohm_cm2_sqrt_s,D_Warburg_cm2_s,rchi2,model_label
EIS_0_C01,3.4294172470708117,153.5544064222818,3.508962481442783e-06,143.13291948025392,0.0007539738559500247,129.57525776942708,1.2773589660004726e-05,153.67781889320386,"R0-p(R1,C1)-W1"
