slope_A_per_Vs_sqrt,intercept_A,D_RandlesSevcik_cm2_s
0.00023257508074231567,1.1786711180346185e-05,2.503430897705447e-06
