label,Rs_area_Ohm_cm2,Rct_area_Ohm_cm2,Cdl_F_cm2,f_peak_Hz,k0_cm_s,Aw_Ohm_cm2_sqrt_s,D_Warburg_cm2_s
EIS_0_C01,1.7299917846238169,238.70145335532058,0.0013334209105782618,0.50003201,0.0004850243108322676,,
