label,Rs_area_nls_Ohm_cm2,Rct_area_nls_Ohm_cm2,Cdl_nls_F_cm2,sigma_Ohm_cm2_s05,k0_cm_s,Aw_Ohm_cm2_sqrt_s,D_Warburg_cm2_s,rchi2,model_label
EIS_0_C01,14.434610766354249,646.3191483011673,8.336696373737544e-07,602.4545234602356,0.00017913132886846877,129.57525776942708,1.2773589660004726e-05,153.67781887685302,"R0-p(R1,C1)-W1"
