label,current_mA,tau_s,E_tau_over_4_V,D_Sand_cm2_s
CP_-1µA to -50µA_01_CP_C01,-0.0010151463788381743,6.499999835796189,0.3334094025,3.068684664762679e-09
CP_-1µA to -50µA_03_CP_C01,-0.010014801045643154,176.6001955387037,0.32781431,8.114418636400867e-06
CP_-1µA to -50µA_05_CP_C01,-0.02000949325311203,356.7025909889344,0.2758961,6.542745418305275e-05
CP_-1µA to -50µA_07_CP_C01,-0.050006509311203325,556.8049859339226,0.2166383,0.0006378782189702882
