label,Rs_area_nls_Ohm_cm2,Rct_area_nls_Ohm_cm2,Cdl_nls_F_cm2,sigma_Ohm_cm2_s05,k0_cm_s,Aw_Ohm_cm2_sqrt_s,D_Warburg_cm2_s,rchi2,model_label,Aw2_Ohm_cm2_sqrt_s,D2_cm2_s
EIS_0_C01_circuit,0.5820302766749977,160.50526423175486,3.3986420744307704e-06,136.80556859914682,0.0007213221850540372,136.80556859914682,1.145907528550122e-05,17.994468278494825,"R0-p(R1,CPE1)-W1",,
EIS_0_C01_linearization,,,,,,144.44010169590237,1.0279726323460987e-05,,linearization,114.71041384295182,1.6298642373296312e-05
