slope_V_per_decade,intercept_V,E_eq_est_V,j0_A_cm2,k0_app_cm_s,R2,branch_sign,eta_min_V,eta_max_V
-0.1366906560332048,-0.6346385834589325,0.4640463643761116,2.275715785426458e-05,0.00010254840026948444,0.9914937945820579,-1,0.015,0.3
