label,rpm,Rs_area_Ohm_cm2,Rct_area_Ohm_cm2,Cdl_F_cm2,f_peak_Hz,delta_cm,D_used_cm2_s,k0_cm_s
1000 rpm,1000,0.717374600098501,192.91581387958578,3.83799186336639e-06,476.98422,0.0009632498878760418,2.503430897705447e-06,0.0006001374671160453
1501 rpm,1501,0.8794122405924532,173.47803386944886,3.7427205507970194e-06,476.98422,0.0007862282076253864,2.503430897705447e-06,0.0006673813699978432
2000 rpm,2000,0.9803092019511723,162.24416058299263,3.685482084065496e-06,476.98422,0.0006811205276943307,2.503430897705447e-06,0.0007135912164253346
2500 rpm,2500,1.0596497511037657,154.887775600988,3.6454853610770633e-06,476.98422,0.0006092127203180207,2.503430897705447e-06,0.000747483185545771
251 rpm,251,6.785867385922771e-26,300.7635141540966,4.289223316899205e-06,0.33723995,0.0019226582968036097,2.503430897705447e-06,0.0003849403350467805
500 rpm,500,0.3866848350680768,236.9318794892071,3.97417537825727e-06,0.72337985,0.0013622410553886615,2.503430897705447e-06,0.0004886468134128779
