slope_V_per_decade,intercept_V,E_eq_est_V,j0_A_cm2,k0_app_cm_s,R2,branch_sign,n_points
-0.15211889197688544,-0.6875581856440743,0.4640463643761116,3.0208298015593864e-05,0.00013612475934829784,0.9141810023518058,1,27
