slope_V_per_decade,intercept_V,E_eq_est_V,j0_A_cm2,k0_app_cm_s,R2,branch_sign,log10_jk_min,log10_jk_max,n_points_used,n_points_total
-0.18402132382439346,-0.7376339804942245,0.4640463643761116,9.808084706646338e-05,0.0004419723248462219,0.999330484329295,1,-2.5,-1.35,10,27
