slope_V_per_decade,intercept_V,E_eq_est_V,j0_A_cm2,k0_app_cm_s,R2,branch_sign,eta_min_V,eta_max_V
-0.14241280491109193,-0.6407243211411293,0.4640463643761116,3.169100544593629e-05,0.0001428061417960977,0.996571755667986,1,0.01,0.35
