E_V,slope_1_over_B,B_A_cm2_s05,D_KL_cm2_s
0.5917156607142857,9969716.404870605,1.0030375583316091e-07,1.8846376227615621e-10
0.7202232278571428,3748865.580552325,2.6674736090502043e-07,8.17339072659444e-10
