label,rpm,Rs_area_Ohm_cm2,Rct_area_Ohm_cm2,Cdl_F_cm2,f_peak_Hz,delta_cm
1000 rpm,1000,1.6071808366395357,189.68232772999914,1.759094819090977e-06,476.98422,0.001396939444367888
1501 rpm,1501,1.6026498685480601,171.40877599461888,1.946628450304279e-06,476.98422,0.001140216271323259
2000 rpm,2000,1.5976646181085443,160.70227242396874,2.0763191145341356e-06,476.98422,0.0009877853540195014
2500 rpm,2500,1.594078707453413,153.70082975466786,2.1709004467675927e-06,476.98422,0.0008835020795065201
251 rpm,251,1.610988578489879,283.15635626188504,0.0016666898873252255,0.33723995,0.002788307838548929
500 rpm,500,1.6139627368214031,229.84059141095904,0.0009572535684580331,0.72337985,0.0019755707080390027
