slope_V_per_decade,intercept_V,E_eq_est_V,j0_A_cm2,R2,branch_sign,eta_min_V,eta_max_V
-0.08513445719424932,0.07017028109186217,-0.09577471035175879,6.671583297812374,2.220446049250313e-16,-1,0.01,0.35
