label,rpm,Rs_area_Ohm_cm2,Rct_area_Ohm_cm2,Cdl_F_cm2,f_peak_Hz,delta_cm,D_used_cm2_s
1000 rpm,1000,,,,476.98422,0.001100480199721267,3.733063741797869e-06
1501 rpm,1501,,,,476.98422,0.0008982389573508292,3.733063741797869e-06
2000 rpm,2000,,,,476.98422,0.000778157011784434,3.733063741797869e-06
2500 rpm,2500,,,,476.98422,0.0006960047902072398,3.733063741797869e-06
251 rpm,251,,,,0.33723995,0.002196571640540352,3.733063741797869e-06
500 rpm,500,,,,0.72337985,0.001556314023568868,3.733063741797869e-06
