slope_V_per_decade,intercept_V,E_eq_est_V,j0_A_cm2,k0_app_cm_s,R2,branch_sign,log10_jk_min,log10_jk_max,n_points_used,n_points_total
-0.18402132382439343,-0.5655876161181127,0.292,0.0008443265539884307,0.003804707862512566,0.999330484329295,1,-2.5,-1.35,10,27
