label,rpm,Rs_area_Ohm_cm2,Rct_area_Ohm_cm2,Cdl_F_cm2,f_peak_Hz,delta_cm,D_used_cm2_s
1000 rpm,1000,1.686333996871723,188.73005075277658,5.046731373926587e-06,476.98422,0.001100480199721267,3.733063741797869e-06
1501 rpm,1501,1.6818920286277788,170.929402185072,1.611406293233987e-06,476.98422,0.0008982389573508292,3.733063741797869e-06
2000 rpm,2000,1.6766656327193763,160.47507045798292,5.833567921382141e-06,476.98422,0.000778157011784434,3.733063741797869e-06
2500 rpm,2500,1.672195558339978,153.4053504692949,1.7202215504155138e-06,476.98422,0.0006960047902072398,3.733063741797869e-06
251 rpm,251,4.78443463424661,275.2207987255879,0.002253164591077313,0.33723995,0.002196571640540352,3.733063741797869e-06
500 rpm,500,4.117580596044002,224.02387274871347,4.278554030909257e-06,0.72337985,0.001556314023568868,3.733063741797869e-06
